Model,VIN,Uph,Retail Date,MSRP,Wholesale date,Trade,Client order,Paints,Lot life,Defect
GLE43C4,4JGED6EB3KA149065,Black,7/31/2019,"72,595",7/30/2019,1,0,Black,1,0
GLE350W4,4JGFB4KB3LA076848,Beige,7/31/2019,"67,220",7/5/2019,0,0,Grey,26,0
GLE350W4,4JGFB4KB9LA080774,Black,7/31/2019,"68,000",7/17/2019,0,0,Silver,14,0
GLE350W4,4JGFB4KE0LA081077,Beige,7/31/2019,"77,005",7/17/2019,0,0,White,14,0
GLE350W4,4JGFB4KE4LA086623,Beige,7/31/2019,"74,730",7/26/2019,0,0,Blue,5,0
GLE450W4,4JGFB5KB7LA072100,Black,7/31/2019,"77,070",6/29/2019,0,0,Silver,32,0
C300W4,55SWF8EB3KU316898,Black,7/31/2019,"53,330",4/19/2019,0,0,White,103,1
GLC300W4,WDC0G4KB1KV177965,Black,7/31/2019,"52,375",7/29/2019,1,0,Red,2,0
GLC300W4,WDC0G4KB6KV194485,Black,7/31/2019,"58,690",7/25/2019,1,0,Black,6,0
GLC300W4,WDC0G4KB9KV191113,Beige,7/31/2019,"51,570",5/31/2019,0,0,Black,61,0
GLA250W4,WDCTG4GB4KJ618730,Black,7/31/2019,"40,995",7/23/2019,0,1,Red,8,0
E53C4,WDD1J6BB2KF091653,Brown,7/31/2019,"83,155",12/18/2018,0,0,Blue,225,1
S450V4,WDDUG6EB3KA485022,Black,7/31/2019,"95,245",7/15/2019,0,1,Black,16,0
S560V4,WDDUG8GBXKA417986,Beige,7/31/2019,"119,460",1/7/2019,0,0,White,205,1
C300W4,WDDWF8EB8KR513258,Beige,7/31/2019,"47,845",7/31/2019,1,0,Green,0,0
E300W4,WDDZF4KB4KA602219,Black,7/31/2019,"60,145",1/16/2019,0,0,Black,196,1
E53W4,WDDZF6BB1KA581616,Brown,7/31/2019,"85,645",7/27/2019,1,0,Grey,4,0
E450W4,WDDZF6JB9KA658234,Black,7/31/2019,"68,885",7/23/2019,1,0,White,8,0
E450S4,WDDZH6JB2KA615185,Brown,7/31/2019,"73,080",7/26/2019,1,0,Blue,5,0
GLA45W4,WDDTG5CB6JJ510406,Black,7/31/2019,61825,4/20/2018,0,0,Red,467,1
GLA250W4,WDCTG4GB7KU014104,Black,7/30/2019,"40,995",4/5/2019,0,0,Black,116,1
A220W4,WDD3G4FB0KW001034,Beige,7/30/2019,"42,525",5/21/2019,0,0,Silver,70,0
E450W4,WDDZF6JB9KA657262,Grey,7/30/2019,"80,650",6/6/2019,0,0,Silver,54,0
C300W4,55SWF8EB9KU319515,Beige,7/29/2019,"53,315",7/20/2019,1,0,Red,9,0
G63W4,WDCYC7HJ1KX328175,Red,7/29/2019,"174,395",7/29/2019,0,1,Black,0,0
A220W4,WDD3G4FB5KW021134,Black,7/29/2019,"42,815",7/23/2019,1,0,Blue,6,0
GLA250W4,WDCTG4GB5KU019883,Grey,7/27/2019,"41,945",6/12/2019,0,0,Black,45,0
G63W4,WDCYC7HJ1KX326345,Brown,7/26/2019,"163,445",7/18/2019,0,1,Grey,8,0
GLE350W4,4JGFB4KB9LA070665,Black,7/24/2019,"66,290",7/12/2019,1,0,Grey,12,0
GLE350W4,4JGFB4KB9LA078538,Beige,7/24/2019,"67,280",7/15/2019,0,1,White,9,0
G550W4,WDCYC6BJ7KX326014,Beige,7/23/2019,"137,395",7/11/2019,0,1,Red,12,0
E300W4,WDDZF4KBXKA647410,Black,7/23/2019,"67,735",7/3/2019,1,0,Black,20,0
GLC300W4,WDC0G4KB8KV188137,Beige,7/20/2019,"48,170",5/23/2019,0,0,White,58,0
GLC63C4,WDC0J8JB2KF484145,White,7/18/2019,"90,740",11/18/2018,0,0,White,242,1
A220W4,WDD3G4FB8KW021824,Grey,7/18/2019,"47,155",7/3/2019,0,0,White,15,0
GLE350W4,4JGFB4KB2LA053822,Black,7/16/2019,"62,055",7/9/2019,1,0,Black,7,0
GLE350W4,4JGFB4KB6LA069098,Beige,7/16/2019,"69,985",6/18/2019,0,0,White,28,0
GLC300C4,WDC0J4KB7KF571790,Black,7/16/2019,"61,115",12/19/2018,0,0,Silver,209,1
GLC300W4,WDC0G4KB9KF666544,Black,7/13/2019,"49,220",6/20/2019,0,0,Black,23,0
C43W4,55SWF6EB4KU287626,Brown,7/12/2019,"66,775",12/31/2018,0,0,Blue,193,1
GLC300W4,WDC0G4KB6KF660247,Black,7/12/2019,"49,185",5/31/2019,0,0,White,42,0
GT53C4,WDD7X6BB0KA007268,Red,7/12/2019,"120,830",5/31/2019,0,0,Grey,42,0
GT53C4,WDD7X6BB0KA008484,Black,7/10/2019,"119,555",6/30/2019,0,0,Red,10,0
C43A4,WDDWK6EB7KF794602,Brown,7/10/2019,"77,015",12/9/2018,0,0,Red,213,1
GTCA,WDDYK8AA3KA023911,Black,7/10/2019,"181,965",11/27/2018,0,0,Grey,225,1
SLC300R,WDDPK3JA2KF161117,Black,7/8/2019,"60,455",12/31/2018,0,0,White,189,1
GLE350W4,4JGFB4KE9LA067856,Beige,7/6/2019,"67,610",6/12/2019,0,0,Blue,24,0
GLC300C4,WDC0J4KB6KF669113,Black,7/6/2019,"57,965",6/12/2019,0,0,White,24,0
GLE350W4,4JGFB4KE6LA067880,Black,7/1/2019,"69,760",6/12/2019,0,0,White,19,0
GLE43C4,4JGED6EB3KA154153,Grey,7/1/2019,"80,845",5/24/2019,1,0,Grey,38,0
GT63C4,WDD7X8JBXKA005007,Grey,7/1/2019,"155,990",6/13/2019,0,0,Blue,18,0
GLE350W4,4JGFB4KE4LA049121,Beige,7/1/2019,"72,445",5/16/2019,0,0,Green,46,0
GLE350W4,4JGFB4KB1LA061314,Beige,7/1/2019,"77,900",7/1/2019,1,0,Blue,0,0
E450S4,WDDZH6JBXKA633238,Brown,7/1/2019,"75,430",3/25/2019,0,0,Blue,98,1
GLE450W4,4JGFB5KEXLA073977,Grey,7/1/2019,"80,675",6/25/2019,0,0,Silver,6,0
GLE350W4,4JGFB4KB4LA072498,Black,7/1/2019,"61,295",6/21/2019,0,0,Black,10,0
GLE350W4,4JGFB4KB2LA067851,Beige,7/1/2019,"64,490",6/12/2019,0,0,Black,19,0
GLE350W4,4JGFB4KE0LA048953,Beige,6/29/2019,"72,765",5/9/2019,0,0,Blue,51,0
GLC300W4,WDC0G4KB4KV194596,Beige,6/29/2019,"51,570",6/18/2019,0,0,White,11,0
GLE350W4,4JGFB4KB6LA074009,Beige,6/29/2019,"59,045",6/29/2019,0,0,Black,0,0
GLC300W4,WDC0G4KB2KV193916,Beige,6/29/2019,"52,940",6/19/2019,0,0,White,10,0
GLC300W4,WDC0G4KB4KV189690,Beige,6/29/2019,"57,200",6/10/2019,1,0,Black,19,0
CLA250C,WDDSJ4EB3KN774293,Black,6/29/2019,"39,095",6/28/2019,1,0,White,1,0
GLA45W4,WDDTG5CB0JJ435217,Black,6/29/2019,61800,9/25/2017,0,0,Black,642,1
CLS450C,WDD2J5JB0KA040228,Black,6/28/2019,"80,870",6/10/2019,1,0,Black,18,0
GLE350W4,4JGFB4KB8LA074237,Black,6/28/2019,"62,320",6/25/2019,0,0,Black,3,0
GLE43C4,4JGED6EBXKA141612,Grey,6/28/2019,"75,055",12/21/2018,0,0,Black,189,1
GLE450W4,4JGFB5KB3LA074958,Beige,6/28/2019,"83,665",6/25/2019,0,0,White,3,0
C63CS,WDDWJ8HB9KF904981,Red,6/28/2019,"90,905",6/20/2019,0,1,White,8,0
GLE350W4,4JGFB4KE4LA068400,Black,6/28/2019,"70,760",6/12/2019,0,0,Black,16,0
E300W4,WDDZF4KB7KA658543,Black,6/27/2019,"60,145",6/12/2019,0,0,Black,15,0
GLE350W4,4JGFB4KB0LA010502,Black,6/27/2019,"56,775",6/17/2019,1,0,White,10,0
GLC300W4,WDC0G4KB3KV182441,Beige,6/27/2019,"49,020",5/4/2019,0,0,Black,54,0
GLC300W4,WDC0G4KB0KV193218,White,6/27/2019,"57,020",6/8/2019,0,0,Black,19,0
GLC300W4,WDC0G4KB8KF641876,Black,6/27/2019,"48,170",5/10/2019,0,0,White,48,0
G63W4,WDCYC7HJ6KX325434,Black,6/27/2019,"166,445",6/25/2019,0,1,Black,2,0
E53A4,WDD1K6BB9KF092568,White,6/27/2019,"100,780",12/31/2018,0,0,White,178,1
GLA45W4,WDDTG5CB0JJ390392,Black,6/27/2019,60795,7/21/2017,0,0,Grey,706,1
GLE450W4,4JGFB5KB1LA066034,Brown,6/26/2019,"81,450",6/7/2019,0,0,Blue,19,0
E450A4,WDD1K6JBXKF115843,Black,6/26/2019,"79,895",6/14/2019,0,0,Black,12,0
GLC300C4,WDC0J4KBXKF641427,Red,6/25/2019,"58,520",5/6/2019,0,0,White,50,0
GLA250W4,WDCTG4GB8KJ619878,Black,6/25/2019,"41,945",4/4/2019,0,0,Black,82,0
GLE350W4,4JGFB4KB7LA036126,Black,6/24/2019,"64,930",5/29/2019,0,0,Black,26,0
E450W4,WDDZF6JB2KA625186,Black,6/24/2019,"65,785",3/8/2019,1,0,Black,108,1
GLC300C4,WDC0J4KB4KF663469,Black,6/24/2019,"58,740",6/14/2019,1,0,Black,10,0
GLS450W4,4JGDF6EE0KB223861,Beige,6/24/2019,"83,230",11/15/2018,0,0,Black,221,1
S560V4,WDDUG8GB7KA492905,Black,6/22/2019,"121,485",6/18/2019,0,1,Black,4,0
GLE350W4,4JGFB4KB7LA059244,Beige,6/22/2019,"64,085",5/24/2019,0,0,White,29,0
GT63C4,WDD7X8JB1KA004473,Grey,6/22/2019,"162,340",3/29/2019,0,0,Blue,85,0
GLC300W4,WDC0G4KB4KV186322,Black,6/19/2019,"48,310",6/14/2019,1,0,Grey,5,0
C300W4,55SWF8EB6KU319939,Beige,6/19/2019,"51,940",6/5/2019,0,0,Blue,14,0
GLS450W4,4JGDF6EE6KB241054,Brown,6/19/2019,"95,030",3/11/2019,0,0,Red,100,1
GLE350W4,4JGFB4KE7LA050456,Black,6/18/2019,"83,205",6/5/2019,0,0,White,13,0
E450C4,WDD1J6JB2KF095459,Beige,6/18/2019,"75,165",1/28/2019,0,0,Red,141,1
GLE350W4,4JGFB4KE5LA061052,Brown,6/18/2019,"72,770",5/31/2019,0,0,Blue,18,0
C43A4,WDDWK6EB7KF788301,Red,6/18/2019,"81,080",11/30/2018,0,0,Grey,200,1
CLA250C4,WDDSJ4GB0KN765273,Beige,6/18/2019,"42,040",6/7/2019,1,0,Grey,11,0
GLE350W4,4JGFB4KE8LA050448,Beige,6/15/2019,"71,595",5/9/2019,0,0,White,37,0
SLC300R,WDDPK3JA6KF163596,Red,6/15/2019,"61,425",4/4/2019,0,0,Silver,72,0
S560A,WDDXK8DB1KA039329,White,6/15/2019,"158,240",5/4/2019,0,0,White,42,0
CLS450C4,WDD2J5KB6KA027837,Black,6/15/2019,"85,910",11/15/2018,0,0,Black,212,1
E53C4,WDD1J6BB5KF089430,Black,6/15/2019,"93,045",11/27/2018,0,0,Red,200,1
E450A4,WDD1K6JB5KF112879,Beige,6/15/2019,"78,315",5/31/2019,0,1,Silver,15,0
GT63C4,WDD7X8JB2KA004417,Brown,6/12/2019,"161,035",5/30/2019,0,0,Grey,13,0
GLE450W4,4JGFB5KE4LA023009,Black,6/12/2019,"88,220",5/30/2019,0,1,Black,13,0
GLE350W4,4JGFB4KB3LA049102,Black,6/4/2019,"68,770",5/8/2019,0,0,Black,27,0
GLA250W4,WDCTG4GB3KJ635339,Grey,6/4/2019,"45,870",5/13/2019,0,0,Blue,22,0
GLS63W4,4JGDF7FE6KB222654,Black,6/4/2019,"140,300",1/11/2019,0,0,White,144,1
GLA45W4,WDDTG5CBXKJ588849,Black,5/31/2019,"$62,615 ",12/8/2018,0,0,Silver,174,1
GLE350W4,4JGFB4KB2LA049527,Black,5/31/2019,"$69,880 ",5/16/2019,0,0,Grey,15,0
GLC300W4,WDC0G4KB7KV181776,Beige,5/31/2019,"$49,020 ",4/25/2019,0,0,White,36,0
E53W4,WDDZF6BB5KA564995,Black,5/31/2019,"$93,225 ",4/19/2019,0,0,Black,42,0
E450W4,WDDZF6JB3KA657662,Beige,5/31/2019,"$70,160 ",5/30/2019,1,0,Blue,1,0
C63W,55SWF8GB0KU308044,Black,5/31/2019,"$70,615 ",1/16/2019,0,0,Black,135,1
GLE350W4,4JGFB4KB5LA061171,Black,5/31/2019,"$69,250 ",5/29/2019,0,0,White,2,0
GT53C4,WDD7X6BBXKA005673,Black,5/31/2019,"$119,170 ",5/28/2019,1,0,Blue,3,0
GLE450W4,4JGFB5KEXLA059688,Grey,5/31/2019,"$77,415 ",5/29/2019,0,1,White,2,0
GLE350W4,4JGFB4KB1LA048658,Beige,5/31/2019,"$69,515 ",5/16/2019,0,0,Grey,15,0
G550W4,WDCYC6BJ4KX324057,Black,5/31/2019,"$133,035 ",5/31/2019,0,1,White,0,0
GLE350W4,4JGFB4KB2LA048779,Beige,5/30/2019,"$68,610 ",5/22/2019,0,0,Grey,8,0
E300W4,WDDZF4KB8KA627270,Beige,5/30/2019,"$66,960 ",5/28/2019,1,0,White,2,0
C300W4,55SWF8EB2KU290603,Beige,5/30/2019,"$53,375 ",5/28/2019,1,0,Red,2,0
GT63C4S,WDD7X8KB9KA007376,Brown,5/30/2019,"$177,910 ",5/30/2019,0,1,White,0,0
S560A,WDDXK8DBXKA038468,White,5/30/2019,"$153,435 ",2/8/2019,0,0,Blue,111,1
G63W4,WDCYC7HJ0KX323498,Red,5/30/2019,"$164,995 ",5/28/2019,0,1,Black,2,0
G550W4,WDCYC6BJ3KX323207,Black,5/30/2019,"$139,295 ",5/28/2019,0,1,Silver,2,0
G63W4,WDCYC7HJXKX323265,Red,5/30/2019,"$170,995 ",5/28/2019,0,1,Grey,2,0
G63W4,WDCYC7HJ6KX323652,Black,5/30/2019,"$165,945 ",5/28/2019,0,1,White,2,0
G63W4,WDCYC7HJ9KX322446,White,5/30/2019,"$167,345 ",5/23/2019,0,1,Black,7,0
A220W4,WDD3G4FBXKW006404,Black,5/30/2019,"$43,515 ",5/18/2019,0,0,White,12,0
C300W4,55SWF8EB2KU309117,Beige,5/28/2019,"$47,375 ",5/28/2019,1,0,White,0,0
E53C4,WDD1J6BB0KF092879,Black,5/28/2019,"$80,710 ",5/28/2019,1,0,White,0,0
G63W4,WDCYC7HJ1KX323428,Brown,5/28/2019,"$156,515 ",5/28/2019,1,0,Black,0,0
CLS450C4,WDD2J5KB8KA018685,Black,5/28/2019,"$83,280 ",11/15/2018,0,0,Black,194,1
GT63C4,WDD7X8JB1KA000519,Grey,5/28/2019,"$148,800 ",3/11/2019,0,0,Black,78,0
E300W4,WDDZF4KB4KA639237,Beige,5/28/2019,"$65,860 ",5/17/2019,1,0,Red,11,0
GLC300W4,WDC0G4KB4KV186112,Black,5/28/2019,"$59,825 ",5/13/2019,1,0,Blue,15,0
E450W4,WDDZF6JB7KA500894,Black,5/28/2019,"$68,190 ",5/2/2019,0,0,Silver,26,0
C300A4,WDDWK8EB4KF883314,White,5/28/2019,"$65,485 ",5/21/2019,1,0,Blue,7,0
GLE350W4,4JGFB4KB4LA049027,Black,5/28/2019,"$69,400 ",5/9/2019,0,0,Black,19,0
S63V4,WDDUG8JB4KA482082,Black,5/28/2019,"$178,295 ",4/16/2019,0,0,Black,42,0
GLC300W4,WDC0G4KBXKV178371,White,5/28/2019,"$59,780 ",4/19/2019,0,0,Silver,39,0
S560V4,WDDUG8GB8KA489642,Brown,5/28/2019,"$115,085 ",5/21/2019,1,0,Black,7,0
C300W4,55SWF8EB2KU319369,Red,5/28/2019,"$56,685 ",5/16/2019,0,1,Black,12,0
E300W4,WDDZF4KB3KA570184,Black,5/28/2019,"$69,580 ",11/7/2018,0,0,Black,202,1
C300W4,55SWF8EB6KU314594,Grey,5/22/2019,"$47,415 ",3/15/2019,0,0,Grey,68,0
GLC300W4,WDC0G4KB5KV174857,Beige,5/22/2019,"$51,420 ",4/20/2019,0,0,White,32,0
GLE350W4,4JGFB4KBXLA012001,Black,5/22/2019,"$62,740 ",5/21/2019,1,0,Grey,1,0
E63S4S,WDDZH8KB3KA662350,Black,5/22/2019,"$128,530 ",5/6/2019,0,1,Grey,16,0
C43W4,55SWF6EB5KU284802,Red,5/21/2019,"$67,990 ",2/11/2019,0,0,Black,99,1
S560V4,WDDUG8GB5KA463273,Black,5/18/2019,"$114,095 ",5/9/2019,0,0,Black,9,0
GLC300W4,WDC0G4KB4KF569414,Beige,5/18/2019,"$51,175 ",12/13/2018,0,0,Blue,156,1
GLE350W4,4JGFB4KB7LA045621,Black,5/18/2019,"$66,120 ",5/1/2019,0,0,Black,17,0
GTA,WDDYK7HA4JA018831,White,5/16/2019,"$147,105 ",10/17/2018,0,0,White,211,1
E300W4,WDDZF4KB4KA668446,Brown,5/16/2019,"$68,780 ",5/10/2019,0,1,White,6,0
C300A4,WDDWK8EB3KF815781,White,5/16/2019,"$67,035 ",10/24/2018,0,0,Silver,204,1
E300W4,WDDZF4KB8KA634249,Black,5/16/2019,"$75,625 ",5/4/2019,0,0,Black,12,0
GLC300W4,WDC0G4KB3KV163789,Black,5/16/2019,"$52,865 ",2/21/2019,0,0,White,84,0
E300W4,WDDZF4KB0KA642345,Brown,5/16/2019,"$65,755 ",5/3/2019,0,1,Blue,13,0
C300W4,55SWF8EBXKU315618,Black,5/14/2019,"$52,355 ",3/25/2019,0,1,Silver,50,0
E63W4S,WDDZF8KBXKA529882,Black,5/14/2019,"$121,355 ",11/26/2018,0,0,Black,169,1
GLA250W4,WDCTG4GB9KJ623034,Beige,5/14/2019,"$41,470 ",4/5/2019,0,0,White,39,0
CLS53C4,WDD2J6BBXKA041598,White,5/13/2019,"$97,090 ",4/30/2019,0,1,White,13,0
CLS53C4,WDD2J6BB2KA041806,Red,5/13/2019,"$106,320 ",5/6/2019,0,1,Black,7,0
GLC300W4,WDC0G4KB1KF637037,Beige,5/11/2019,"$49,740 ",4/30/2019,0,0,Blue,11,0
CLA250C4,WDDSJ4GB7KN748762,Beige,5/11/2019,"$40,640 ",5/4/2019,1,0,White,7,0
G550W4,WDCYC6BJ3KX322106,Beige,5/10/2019,"$146,165 ",5/6/2019,0,1,Red,4,0
GLC300W4,WDC0G4KB3KF627092,Beige,5/10/2019,"$48,170 ",4/16/2019,0,0,White,24,0
C300A4,WDDWK8EB4KF814963,Red,5/9/2019,"$69,105 ",10/24/2018,0,0,Black,197,1
GLE350W4,4JGFB4KBXLA046147,Black,5/9/2019,"$69,065 ",5/1/2019,0,0,White,8,0
S63V4,WDDUG8JB8KA470078,White,5/9/2019,"$174,215 ",4/24/2019,1,0,White,15,0
GLE450W4,4JGFB5KE8LA009548,Grey,5/4/2019,"$77,660 ",3/21/2019,0,0,White,44,0
GLE350W4,4JGFB4KB1LA045291,Beige,5/4/2019,"$68,095 ",5/1/2019,0,1,Blue,3,0
GLA45W4,WDDTG5CB2JJ434103,Black,5/4/2019,65025,9/21/2017,0,0,Red,590,1
GLE450W4,4JGFB5KEXLA044088,Black,4/30/2019,88010,4/26/2019,0,1,Black,4,0
G63W4,WDCYC7HJ1KX320626,Black,4/30/2019,161345,4/30/2019,0,1,Black,0,0
E450A4,WDD1K6JB5KF107827,Beige,4/30/2019,81370,4/30/2019,0,1,White,0,0
GLA45W4,WDDTG5CB4JJ497980,Black,4/30/2019,61645,3/15/2018,0,0,Black,411,1
GLC300W4,WDC0G4KB7KV152004,Beige,4/29/2019,49935,4/26/2019,1,0,Blue,3,0
GLE63W4,4JGDA7EB4KB187196,Black,4/29/2019,114875,11/15/2018,0,0,Black,165,1
GLC350E4,WDC0G5EB7KF631924,Beige,4/29/2019,61195,4/24/2019,1,0,Silver,5,0
GLC300W4,WDC0G4KB0KV166102,Beige,4/29/2019,48915,2/27/2019,0,0,Black,61,0
C300W4,55SWF8EB5KU299411,Black,4/27/2019,49975,11/24/2018,0,0,Black,154,1
C63AS,WDDWK8HB0KF859412,Black,4/27/2019,93880,4/24/2019,1,0,Grey,3,0
C300W4,55SWF8EB5KU299473,Brown,4/27/2019,54515,12/3/2018,0,0,Blue,145,1
GLC300W4,WDC0G4KB1KV165914,Beige,4/27/2019,48915,2/27/2019,0,0,White,59,0
SL550R,WDDJK7DA7KF056162,Brown,4/27/2019,120940,12/31/2018,0,0,White,117,1
GLC300W4,WDC0G4KB5KV163051,Beige,4/27/2019,48285,2/27/2019,0,0,Blue,59,0
CLS450C4,WDD2J5KB7KA021013,Grey,4/27/2019,84080,11/18/2018,0,0,Blue,160,1
GT63C4S,WDD7X8KB7KA003603,Grey,4/26/2019,194065,3/11/2019,0,0,Grey,46,0
GLE63W4,4JGDA7EB9KB194029,Beige,4/26/2019,111145,11/15/2018,0,0,White,162,1
GLC300W4,WDC0G4KB2KV166330,Beige,4/26/2019,48915,2/27/2019,0,0,White,58,0
S560V4,WDDUG8GB0KA483527,White,4/26/2019,119295,4/19/2019,0,1,Black,7,0
E63S4S,WDDZH8KB7KA653540,White,4/26/2019,128515,4/18/2019,0,1,Black,8,0
GLS450W4,4JGDF6EE8JB084772,Beige,4/26/2019,83540,1/24/2019,0,0,Blue,92,1
GT53C4,WDD7X6BB4KA003806,Grey,4/24/2019,114520,4/18/2019,0,0,Grey,6,0
GLA250W4,WDCTG4GB7KJ591829,Brown,4/24/2019,45770,12/31/2018,0,0,White,114,1
GLS450W4,4JGDF6EE6KB226490,Beige,4/20/2019,83230,12/3/2018,0,0,Black,138,1
GLC350E4,WDC0G5EB1KF536632,Black,4/20/2019,60995,11/26/2018,0,0,Black,145,1
C63C,WDDWJ8GB2KF845273,Black,4/20/2019,75210,2/7/2019,0,0,Blue,72,0
SLC300R,WDDPK3JA6KF160827,Beige,4/20/2019,59835,12/28/2018,0,0,Red,113,1
GLC300C4,WDC0J4KB0KF570237,Black,4/19/2019,52845,4/18/2019,1,0,Black,1,0
C63A,WDDWK8GB2KF850650,Black,4/19/2019,82215,3/13/2019,0,0,Red,37,0
GLS550W4,4JGDF7DE4KB235227,Black,4/19/2019,101855,4/4/2019,1,0,Grey,15,0
GLC300W4,WDC0G4KBXKV166351,Beige,4/19/2019,52745,3/13/2019,0,0,Blue,37,0
G63W4,WDCYC7HJ4KX320054,Red,4/19/2019,175895,4/18/2019,0,1,Silver,1,0
G63W4,WDCYC7HJ0KX318947,Black,4/19/2019,175895,4/12/2019,0,1,Black,7,0
S450V4,WDDUG6EBXKA461462,Black,4/18/2019,105265,12/19/2018,0,0,Black,120,1
GT63C4S,WDD7X8KB2KA001919,Red,4/18/2019,179450,3/7/2019,0,1,Grey,42,0
E53W4,WDDZF6BB3KA638365,Black,4/17/2019,90000,3/25/2019,0,0,White,23,0
SLC300R,WDDPK3JA7KF162540,Beige,4/17/2019,60495,2/18/2019,0,0,Blue,58,0
S560V4,WDDUG8GB9KA454222,Grey,4/16/2019,121045,11/20/2018,0,0,Black,147,1
GLE350W4,4JGFB4KE0LA012048,Grey,4/16/2019,72660,2/15/2019,0,0,Black,60,0
A220W4,WDD3G4FBXKW005785,Red,4/16/2019,47955,3/31/2019,0,0,White,16,0
C300W4,55SWF8EB7KU307668,Beige,4/16/2019,52595,1/11/2019,0,0,Red,95,1
CLA250C4,WDDSJ4GB9KN740632,Black,4/16/2019,42025,12/13/2018,0,0,Black,124,1
GLC300W4,WDC0G4KB8KF556777,Black,4/16/2019,51985,12/13/2018,0,0,Grey,124,1
GLC300C4,WDC0J4KB7KF588895,Red,4/13/2019,63210,1/31/2019,0,0,White,72,0
G63W4,WDCYC7HJ2KX318447,Black,4/13/2019,172095,4/10/2019,0,1,Silver,3,0
G63W4,WDCYC7HJXKX315148,Beige,4/13/2019,161215,4/10/2019,0,1,White,3,0
G63W4,WDCYC7HJ5KX319107,White,4/13/2019,164915,4/12/2019,0,1,Blue,1,0
GLS450W4,4JGDF6EE6KB202237,Black,4/12/2019,83230,9/5/2018,0,0,Black,219,1
S63V4,WDDUG8JB3KA467511,Brown,4/10/2019,168915,1/28/2019,0,0,Blue,72,0
E300W4,WDDZF4KB4KA607940,Black,4/10/2019,67260,2/11/2019,0,0,Black,58,0
GLE350W4,4JGFB4KB5LA009913,Black,4/10/2019,64550,3/15/2019,0,0,Black,26,0
GLE450W4,4JGFB5KB3LA023654,Black,4/10/2019,71550,2/4/2019,0,0,Black,65,0
C300W4,55SWF8EB8KU312524,Black,4/8/2019,47795,2/15/2019,0,0,Black,52,0
A220W4,WDD3G4FB7KW006280,Black,4/8/2019,41685,2/28/2019,0,0,Grey,39,0
C300W4,55SWF8EB8KU305976,Beige,4/1/2019,48845,1/3/2019,0,0,Black,88,0
GLC43C4,WDC0J6EB1KF619713,Black,4/1/2019,73210,3/30/2019,0,1,Black,2,0
E450C4,WDD1J6JB1KF089765,Brown,4/1/2019,74915,12/20/2018,0,0,Blue,102,1
CLA250C4,WDDSJ4GB9KN745247,Grey,4/1/2019,44165,12/5/2018,0,0,Blue,117,1
E300W4,WDDZF4KB1KA586593,Black,4/1/2019,75500,12/13/2018,0,0,Black,109,1
GLA250W4,WDCTG4GB5KJ584720,Grey,4/1/2019,42345,11/27/2018,0,0,White,125,1
GT63C4,WDD7X8JB3KA001543,Brown,4/1/2019,162670,2/28/2019,0,0,White,32,0
G550W4,WDCYC6BJ1KX315378,Black,4/1/2019,143865,3/13/2019,0,1,Silver,19,0
G63W4,WDCYC7HJ4KX318076,Black,3/31/2019,170045,30-Mar,0,1,White,1,0
S560V4,WDDUG8GB6KA479711,Brown,3/30/2019,123575,3/30/2019,0,1,Blue,0,0
E300W4,WDDZF4KB4KA628643,Beige,3/30/2019,65105,3/30/2019,0,1,White,0,0
GLC300W4,WDC0G4KB4KF616909,Brown,3/30/2019,53930,3/26/2019,0,0,Blue,4,0
GLS550W4,4JGDF7DE7KB190655,Brown,3/30/2019,106370,2/26/2019,0,0,White,32,0
E53W4,WDDZF6BB4KA626175,Black,3/30/2019,87590,3/20/2019,0,0,Black,10,0
G550W4,WDCYC6BJ4KX317965,Black,3/30/2019,148315,3/30/2019,0,1,Black,0,0
E450C4,WDD1J6JB9KF103170,Brown,3/30/2019,69305,3/26/2019,0,1,Red,4,0
GLE450W4,4JGFB5KE5LA005134,Grey,3/30/2019,78610,3/15/2019,0,0,White,15,0
GLC300W4,WDC0G4KB3KV165364,Black,3/30/2019,52920,3/4/2019,1,0,Grey,26,0
GLE43C4,4JGED6EB8KA148087,White,3/30/2019,84130,3/15/2019,0,0,Grey,15,0
G550W4,WDCYC6BJ1KX312643,Black,3/30/2019,133435,3/20/2019,0,1,White,10,0
C300W4,55SWF8EB8KU311292,Red,3/30/2019,55730,3/26/2019,0,0,White,4,0
C300W4,55SWF8EB3KU307523,Brown,3/30/2019,50955,3/23/2019,1,0,Black,7,0
S450V,WDDUG6GB9KA458792,Black,3/29/2019,102265,12/13/2018,0,0,Black,106,1
GLC300C4,WDC0J4KB7KF569618,Red,3/29/2019,60935,12/13/2018,0,0,Black,106,1
GLC300W4,WDC0G4KBXKF612492,Black,3/29/2019,57060,3/20/2019,0,1,White,9,0
GLC300W4,WDC0G4KB7KV166291,Black,3/29/2019,49415,2/27/2019,0,0,Black,30,0
GLC300W4,WDC0G4KB4KV153031,Beige,3/29/2019,47415,11/30/2018,0,0,White,119,1
GLE350W4,4JGFB4KBXLA007803,Beige,3/29/2019,65270,2/26/2019,0,0,Grey,31,0
C63A,WDDWK8GB7KF843791,red,3/28/2019,89985,12/20/2018,0,0,Grey,98,1
GLC300W4,WDC0G4KB0KF598229,Beige,3/28/2019,47565,2/27/2019,0,0,White,29,0
E450A4,WDD1K6JB4KF100688,Brown,3/28/2019,81355,3/13/2019,0,1,Grey,15,0
GT63C4S,WDD7X8KB3KA001802,Red,3/28/2019,179450,3/7/2019,0,0,Grey,21,0
S63V4,WDDUG8JB6KA429285,Black,3/28/2019,177565,11/18/2018,0,0,White,130,1
C300A4,WDDWK8EB2KF830613,Beige,3/28/2019,63535,12/28/2018,0,0,Blue,90,0
C300W4,55SWF8EB7KU285851,Beige,3/28/2019,55005,9/26/2018,0,0,Red,183,1
GLC300W4,WDC0G4KB4KF605280,Beige,3/28/2019,49465,3/7/2019,0,0,Blue,21,0
E53A4,WDD1K6BB9KF090691,Black,3/28/2019,84315,12/28/2018,0,0,Black,90,0
GT63C4,WDD7X8JBXKA001541,Borwn,3/28/2019,162670,3/7/2019,0,0,White,21,0
GLC300W4,WDC0G4KB5KV163812,Beige,3/28/2019,47215,2/21/2019,0,0,White,35,0
GLE350W4,4JGFB4KB6LA013694,Beige,3/28/2019,59360,3/21/2019,1,0,White,7,0
C43W4,55SWF6EB7KU299091,Black,3/28/2019,62695,12/3/2018,0,0,White,115,1
C300W4,55SWF8EB7KU305855,Beige,3/27/2019,49895,12/21/2018,0,0,Silver,96,1
E450C4,WDD1J6JB3KF075849,Beige,3/27/2019,77000,9/11/2018,0,0,White,197,1
C43C4,WDDWJ6EB2JF760360,Black,3/27/2019,63140,6/19/2018,0,0,Black,281,1
SL550R,WDDJK7DA8KF054694,Black,3/20/2019,129980,9/28/2018,0,0,White,173,1
GLE350W4,4JGFB4KB6LA009659,Beige,3/20/2019,59360,3/18/2019,1,0,White,2,0
GLA250W4,WDCTG4GB4KU012889,Black,3/19/2019,40995,3/7/2019,0,0,Black,12,0
S450V4,WDDUG6EB4KA459674,Black,3/19/2019,110325,12/8/2018,0,0,Black,101,1
GLS450W4,4JGDF6EE8KB234932,Black,3/19/2019,91515,1/28/2019,0,0,Black,50,0
GLE350W4,4JGFB4KB7LA027765,Beige,3/19/2019,65650,3/12/2019,1,0,Silver,7,0
S63V4,WDDUG8JB8KA427702,Black,3/18/2019,161375,11/7/2018,0,0,Black,131,1
G550W4,WDCYC6BJ1KX315378,Black,3/15/2019,143865,3/13/2019,0,1,Silver,2,0
GLS63W4,4JGDF7FEXKB225881,Brown,3/15/2019,131920,3/9/2019,1,0,Blue,6,0
G550W4,WDCYC6BJ2KX315700,Black,3/15/2019,133435,3/13/2019,0,1,Black,2,0
G63W4,WDCYC7HJ8KX315200,Brown,3/13/2019,162315,3/7/2019,0,1,Grey,6,0
GLC300W4,WDC0G4KB6KV164922,Beige,3/8/2019,51735,6-Mar,0,0,Blue,2,0
GT63C4S,WDD7X8KB7KA001818,Grey,3/8/2019,200495,2/28/2019,0,1,Grey,8,0
CLA250C4,WDDSJ4GB7KN744422,Black,3/6/2019,40575,12/9/2018,0,0,Black,87,0
GLS450W4,4JGDF6EE6KB212119,Beige,3/6/2019,83950,12/3/2018,0,0,Blue,93,1
GLE450W4,4JGFB5KB3LA006384,Black,3/5/2019,64900,2/26/2019,0,0,White,7,0
C300W4,55SWF8EB1KU289474,Beige,3/2/2019,51625,10/11/2018,0,0,White,142,1
SLC300R,WDDPK3JA1KF162534,Red,2/28/2019,60895,2/27/2019,0,1,Silver,1,0
SL63R,WDDJK7EA4KF056196,Black,2/28/2019,171145,2/21/2019,0,1,Grey,7,0
E300W4,WDDZF4KB5KA582076,Black,2/28/2019,65835,11/30/2018,0,0,Black,90,0
CLA250C4,WDDSJ4GB9KN762436,Grey,2/28/2019,43325,2/25/2019,1,0,Black,3,0
CLA250C4,WDDSJ4GB2KN706676,Beige,2/28/2019,42645,2/28/2019,1,0,Black,0,0
C300W4,55SWF8EB2KU306556,Black,2/28/2019,53080,1/11/2019,0,0,White,48,0
GLE350W4,4JGFB4KB1LA007690,Black,2/28/2019,64550,2/26/2019,0,0,Black,2,0
E300W4,WDDZF4KBXKA617677,Beige,2/28/2019,72305,2/18/2019,0,1,Black,10,0
S560V4,WDDUG8GB8KA459007,White,2/28/2019,123805,12/8/2018,0,0,Black,82,0
GLC300W4,WDC0G4KBXKF600732,Black,2/28/2019,47215,2/18/2019,0,0,White,10,0
CLA250C4,WDDSJ4GB5KN746847,Black,2/28/2019,44145,12/8/2018,0,0,Red,82,0
GLE350W4,4JGFB4KB5LA011080,Black,2/27/2019,56775,2/15/2019,0,0,White,12,0
E63S4S,WDDZH8KB3KA512531,Black,2/25/2019,140260,11/30/2018,0,0,Grey,87,0
GLE400W4,4JGDA5GB2KB206314,Black,2/25/2019,61910,9/13/2018,0,0,Black,165,1
C63CS,WDDWJ8HB5KF845329,Grey,2/25/2019,96250,2/18/2019,0,1,Grey,7,0
C300W4,55SWF8EB6KU302011,Black,2/25/2019,54325,2/18/2019,1,0,Red,7,0
C300W4,55SWF8EB2KU293324,Grey,2/25/2019,47745,11/14/2018,0,0,Black,103,1
GLS550W4,4JGDF7DE6KB234709,Black,2/23/2019,100130,2/20/2019,1,0,White,3,0
GLC43C4,WDC0J6EB9KF598786,Red,2/23/2019,71675,2/18/2019,0,1,Black,5,0
GLA45W4,WDDTG5CB6JJ513810,Black,2/23/2019,63325,4/30/2018,0,0,White,299,1
E63W4S,WDDZF8KB5KA612913,White,2/23/2019,142065,2/11/2019,0,1,Red,12,0
GLA250W4,WDCTG4GBXKJ592263,Beige,2/23/2019,45020,12/31/2018,0,0,White,54,0
C300W4,WDDWF8EB2KR482802,Grey,2/23/2019,47795,2/17/2019,0,1,Blue,6,0
A220W4,WDD3G4FB5KW001420,Beige,2/23/2019,42525,1/28/2019,0,0,Silver,26,0
GLC300W4,WDC0G4KB6KF581905,Beige,2/20/2019,56080,12/31/2018,0,0,White,51,0
GLC300W4,WDC0G4KB1KV149695,Black,2/19/2019,55075,11/27/2018,0,0,Silver,84,0
CLA250C4,WDDSJ4GB8KN723675,Beige,2/19/2019,45325,8/31/2018,0,0,White,172,1
A220W4,WDD3G4FB5KW001255,Black,2/19/2019,41700,1/31/2019,0,0,Black,19,0
CLA45C4,WDDSJ5CBXJN547335,Beige,2/16/2019,60245,7/23/2017,0,0,Blue,573,1
GLC300C4,WDC0J4KBXKF594917,Red,2/16/2019,54825,2/12/2019,1,0,White,4,0
E63S4S,WDDZH8KBXKA596055,Brown,2/13/2019,134150,2/11/2019,0,1,Blue,2,0
G63W4,WDCYC7HJ3KX303584,Black,2/12/2019,175945,2/11/2019,0,1,Black,1,0
G63W4,WDCYC7HJ0KX301713,Red,2/12/2019,162815,1/31/2019,0,1,White,12,0
GLA250W4,WDCTG4GB9KJ595624,Black,2/7/2019,43690,12/31/2018,0,0,Black,38,0
CLS450C4,WDD2J5KB2KA008170,Black,2/6/2019,87045,11/17/2018,0,0,Grey,81,0
E53C4,WDD1J6BB1KF086864,Black,2/6/2019,88945,11/15/2018,0,0,Black,83,0
G63W4,WDCYC7HJ9KX303718,White,1/31/2019,157995,1/31/2019,0,1,White,0,0
G63W4,WDCYC7HJ2KX311367,Red,1/31/2019,161265,1/31/2019,0,1,Black,0,0
G63W4,WDCYC7HJ9KX304013,Red,1/31/2019,164295,1/31/2019,0,1,Black,0,0
G63W4,WDCYC7HJ2KX299513,Red,1/31/2019,163645,1/31/2019,0,1,Black,0,0
S560X4,WDDUX8GB0KA465531,White,1/31/2019,180825,1/12/2019,0,0,Black,19,0
GLC300W4,WDC0G4KB5KV151904,Beige,1/31/2019,48640,12/5/2018,0,0,White,57,0
CLA250C4,WDDSJ4GB8KN724244,Black,1/31/2019,40945,9/30/2018,0,0,Black,123,1
E63S4S,WDDZH8KB5KA562461,Black,1/31/2019,126040,1/31/2019,1,0,Black,0,0
GLC300W4,WDC0G4KB6KF557653,Beige,1/31/2019,51775,11/27/2018,0,0,Black,65,0
GTR,WDDYJ7KA2KA024298,Black,1/31/2019,175340,11/27/2018,0,0,Silver,65,0
E450S4,WDDZH6JB1KA557862,Beige,1/30/2019,73500,10/26/2018,0,0,Blue,96,1
GLE43W4,4JGDA6EB8KB205385,Black,1/30/2019,83070,11/13/2018,0,0,Silver,78,0
GLC300W4,WDC0G4KB6KV155444,Brown,1/30/2019,52315,12/31/2018,0,0,Blue,30,0
CLA250C4,WDDSJ4GB9KN723121,Black,1/30/2019,38525,10/11/2018,0,0,Black,111,1
GLC300C4,WDC0J4KB5KF571819,Red,1/29/2019,57155,12/31/2018,0,0,White,29,0
GLS550W4,4JGDF7DE1KB206705,Black,1/28/2019,101155,1/22/2019,1,0,Grey,6,0
E63W4S,WDDZF8KB7KA529628,White,1/28/2019,121120,11/27/2018,0,0,White,62,0
CLA250C,WDDSJ4EBXKN722157,Grey,1/28/2019,38695,8/29/2018,0,0,Black,152,1
SLC300R,WDDPK3JA1KF161139,White,1/28/2019,58745,12/31/2018,0,0,White,28,0
GLE43C4,4JGED6EB7KA141678,Brown,1/28/2019,81495,1/15/2019,1,0,Black,13,0
GLE43C4,4JGED6EB5KA138780,Grey,1/28/2019,83105,12/7/2018,0,0,Blue,52,0
GLA250W4,WDCTG4GB3KJ585199,Grey,1/28/2019,41495,12/5/2018,0,0,Red,54,0
GLC300W4,WDC0G4KB7KV153041,Black,1/26/2019,49935,12/13/2018,0,0,Silver,44,0
GLE43C4,4JGED6EBXKA138743,Black,1/24/2019,80875,11/16/2018,0,0,Black,69,0
GLC300W4,WDC0G4KB5KF561239,Beige,1/21/2019,47415,12/13/2018,0,0,Black,39,0
CLS53C4,WDD2J6BB7KA028615,Black,1/21/2019,94395,11/16/2018,0,0,Silver,66,0
GLE400W4,4JGDA5GB7KB216384,Black,1/21/2019,62630,12/3/2018,0,0,Grey,49,0
GLC300C4,WDC0J4KB1KF570716,Black,1/17/2019,59785,12/28/2018,0,0,Black,20,0
S63C4,WDDXJ8JB3KA038027,Black,1/17/2019,180945,11/30/2018,0,0,Black,48,0
S560V4,WDDUG8GB5KA462950,Black,1/17/2019,120495,12/31/2018,0,0,Black,17,0
GLA250W4,WDCTG4GB2KJ579653,Black,1/15/2019,40425,11/2/2018,0,0,Black,74,0
C300W4,55SWF8EB4KU298511,Black,1/12/2019,49825,11/24/2018,0,0,Black,49,0
S560X4,WDDUX8GB2KA443188,Beige,1/12/2019,184025,10/22/2018,0,0,Blue,82,0
GLA250W4,WDCTG4GB3KJ582237,Black,1/12/2019,47270,12/9/2018,0,0,Silver,34,0
GLE43W4,4JGDA6EB3KB213572,Beige,1/12/2019,85115,11/13/2018,0,0,White,60,0
S450V4,WDDUG6EBXKA455757,Beige,1/12/2019,105910,11/9/2018,0,0,White,64,0
GLE400W4,4JGDA5GB7KB206793,Black,1/7/2019,61910,10/3/2018,0,0,Black,96,1
GLC43C4,WDC0J6EB4KF497221,Red,1/7/2019,70730,11/30/2018,0,0,Black,38,0
CLA250C4,WDDSJ4GB7KN726938,Beige,1/7/2019,41820,9/11/2018,0,0,White,118,1
C43W4,55SWF6EB5KU291426,Brown,1/7/2019,68375,11/29/2018,0,0,Blue,39,0
E300W4,WDDZF4KB8KA591984,Beige,1/7/2019,66055,12/31/2018,0,0,Black,7,0
E63S4S,WDDZH8KB5KA589370,Black,1/3/2019,126010,12/31/2018,0,1,Black,3,0
C300W4,55SWF8EB2KU296935,Black,1/3/2019,53505,11/16/2018,0,0,White,48,0
E300W4,WDDZF4KB6KA587755,Beige,1/3/2019,62675,12/19/2018,0,0,Blue,15,0
GLE350W4,4JGDA5HB0JB191177,Beige,1/3/2019,60910,9/13/2018,0,0,White,112,1
GLE400W4,4JGDA5GB2KB216034,Black,1/3/2019,61750,10/5/2018,0,0,White,90,0
,,,,,,,,,,
,,,,,,,,,,
,,,,,,,,,,
,,,,,,,,,,
